{"initial_reset_timestamp": 1589228511.9326427, "timestamps": [1589228539.8927555, 1589228566.403384, 1589228568.7837546, 1589228570.9827726, 1589228573.191378], "episode_lengths": [1000, 1000, 1000, 1000, 1000], "episode_rewards": [989.1235449253653, 991.0025267550684, 990.1235910926436, 995.5575295145478, 988.056732405816], "episode_types": ["t", "t", "t", "t", "t", "t"]}