{"initial_reset_timestamp": 1589229154.1313677, "timestamps": [1589229181.4563768, 1589229209.1597364, 1589229211.7897398, 1589229214.4924362, 1589229217.074368], "episode_lengths": [1000, 1000, 1000, 1000, 1000], "episode_rewards": [990.8378450691116, 987.713307257595, 990.6844690773922, 992.9162616731436, 994.8363456903961], "episode_types": ["t", "t", "t", "t", "t", "t"]}