{"initial_reset_timestamp": 1592515885.6689482, "timestamps": [1592515904.146498], "episode_lengths": [443], "episode_rewards": [1375.9933100892229], "episode_types": ["t"]}