{"initial_reset_timestamp": 1589356708.2652678, "timestamps": [1589356729.3682046, 1589356750.1475828, 1589356753.0028603, 1589356755.6762495, 1589356758.352864], "episode_lengths": [1000, 1000, 1000, 1000, 1000], "episode_rewards": [12149.712573405286, 11993.033309806744, 12153.870130807887, 11909.437028299539, 11934.369666952798], "episode_types": ["t", "t", "t", "t", "t", "t"]}