{"initial_reset_timestamp": 1591128165.509704, "timestamps": [1591128197.5378587, 1591128228.8305187, 1591128230.9154854, 1591128232.8499162, 1591128234.7906184], "episode_lengths": [1000, 1000, 1000, 1000, 1000], "episode_rewards": [996.982657726841, 995.6565533152091, 1000.405066083003, 998.4029411289331, 998.6811319499445], "episode_types": ["t", "t", "t", "t", "t", "t"]}