{"initial_reset_timestamp": 1589222908.8388433, "timestamps": [1589222933.7627318, 1589222958.0171192, 1589222960.251783, 1589222962.2948706, 1589222964.3381977], "episode_lengths": [1000, 1000, 1000, 1000, 1000], "episode_rewards": [718.582931804181, 670.3293384618303, 660.7681357707835, 682.3146037191517, 719.5639983780048], "episode_types": ["t", "t", "t", "t", "t", "t"]}