{"initial_reset_timestamp": 1589402833.5054913, "timestamps": [1589402855.9212534, 1589402878.1527805, 1589402880.244946, 1589402882.263842, 1589402884.2758098], "episode_lengths": [1000, 1000, 1000, 1000, 1000], "episode_rewards": [982.115308553709, 987.5734912465673, 986.4991856164897, 986.7852139879338, 983.1781612302651], "episode_types": ["t", "t", "t", "t", "t", "t"]}