{"initial_reset_timestamp": 1589223376.3938844, "timestamps": [1589223395.5087826, 1589223414.2208655, 1589223416.381362, 1589223418.426665, 1589223420.46834], "episode_lengths": [1000, 1000, 1000, 1000, 1000], "episode_rewards": [3185.421956484133, 3202.499681363581, 3169.5661219461836, 3264.8878086408454, 3341.2608558532543], "episode_types": ["t", "t", "t", "t", "t", "t"]}