{"initial_reset_timestamp": 1598826955.535494, "timestamps": [1598826992.392159, 1598827000.605776], "episode_lengths": [1000, 188], "episode_rewards": [3404.389927289745, 546.637308006396], "episode_types": ["t", "t"]}