{"initial_reset_timestamp": 1589230151.5517955, "timestamps": [1589230180.0676088, 1589230207.719479, 1589230210.1329815, 1589230212.3416796, 1589230214.5512087], "episode_lengths": [1000, 1000, 1000, 1000, 1000], "episode_rewards": [984.6329580287096, 985.3418401330706, 985.277068149628, 987.5847094131651, 981.8624989832055], "episode_types": ["t", "t", "t", "t", "t", "t"]}