{"initial_reset_timestamp": 1592633465.4100666, "timestamps": [1592633479.3575644], "episode_lengths": [330], "episode_rewards": [690.2923687261691], "episode_types": ["t", "t"]}