{"initial_reset_timestamp": 1592470239.6067579, "timestamps": [1592470273.3168924, 1592470306.9203076, 1592470308.7067518, 1592470310.1576474, 1592470311.6946337], "episode_lengths": [1000, 1000, 1000, 1000, 1000], "episode_rewards": [3946.4499519276796, 3909.9601295649904, 3472.191759227524, 4105.709702367661, 1224.2400942614418], "episode_types": ["t", "t", "t", "t", "t", "t"]}