{"initial_reset_timestamp": 1592633008.4101975, "timestamps": [1592633037.0247264, 1592633065.469599, 1592633067.4811957, 1592633069.230159, 1592633070.974433], "episode_lengths": [1000, 1000, 1000, 1000, 1000], "episode_rewards": [4270.419954903738, 4236.714960783527, 3253.8204206628952, 4173.225517612342, 4108.142202027805], "episode_types": ["t", "t", "t", "t", "t", "t"]}