{"initial_reset_timestamp": 1589224104.3785667, "timestamps": [1589224126.1871097, 1589224148.2333972, 1589224150.1222484, 1589224151.8519294, 1589224153.5824676], "episode_lengths": [1000, 1000, 1000, 1000, 1000], "episode_rewards": [4929.793105337098, 5014.024548725011, 4814.259272772424, 4826.743359594508, 4909.219246531663], "episode_types": ["t", "t", "t", "t", "t", "t"]}