{"initial_reset_timestamp": 1589192144.6703994, "timestamps": [1589192177.520247, 1589192209.696659, 1589192213.5883684, 1589192217.1197627, 1589192220.4765258], "episode_lengths": [1000, 1000, 1000, 1000, 1000], "episode_rewards": [914.8225019041121, 903.8042576566745, 909.2484901618479, 902.8780737650396, 956.2041962324158], "episode_types": ["t", "t", "t", "t", "t", "t"]}